INDEX,TYPE,GROUP,DAY,TIME,COURSE_ID,course_name
10129,LEC/STUDIO,CS1,MON,1030-1130,CZ1003,  INTRODUCTION TO COMPUTATIONAL THINKING
10129,SEM,DSAI1,MON,1430-1530,CZ1003,  INTRODUCTION TO COMPUTATIONAL THINKING
10129,SEM,DSAI1,MON,1530-1630,CZ1003,  INTRODUCTION TO COMPUTATIONAL THINKING
10130,LEC/STUDIO,CS1,MON,1030-1130,CZ1003,  INTRODUCTION TO COMPUTATIONAL THINKING
10130,SEM,DSAI2,WED,1230-1330,CZ1003,  INTRODUCTION TO COMPUTATIONAL THINKING
10130,SEM,DSAI2,WED,1330-1430,CZ1003,  INTRODUCTION TO COMPUTATIONAL THINKING
10131,LEC/STUDIO,CS1,MON,1030-1130,CZ1003,  INTRODUCTION TO COMPUTATIONAL THINKING
10131,SEM,FS1,FRI,1430-1530,CZ1003,  INTRODUCTION TO COMPUTATIONAL THINKING
10131,SEM,FS1,FRI,1530-1630,CZ1003,  INTRODUCTION TO COMPUTATIONAL THINKING
10132,LEC/STUDIO,CS1,MON,1030-1130,CZ1003,  INTRODUCTION TO COMPUTATIONAL THINKING
10132,SEM,FS10,TUE,1430-1530,CZ1003,  INTRODUCTION TO COMPUTATIONAL THINKING
10132,SEM,FS10,TUE,1530-1630,CZ1003,  INTRODUCTION TO COMPUTATIONAL THINKING
10133,LEC/STUDIO,CS1,MON,1030-1130,CZ1003,  INTRODUCTION TO COMPUTATIONAL THINKING
10133,SEM,FS11,WED,1430-1530,CZ1003,  INTRODUCTION TO COMPUTATIONAL THINKING
10133,SEM,FS11,WED,1530-1630,CZ1003,  INTRODUCTION TO COMPUTATIONAL THINKING
10134,LEC/STUDIO,CS1,MON,1030-1130,CZ1003,  INTRODUCTION TO COMPUTATIONAL THINKING
10134,SEM,FS2,FRI,1430-1530,CZ1003,  INTRODUCTION TO COMPUTATIONAL THINKING
10134,SEM,FS2,FRI,1530-1630,CZ1003,  INTRODUCTION TO COMPUTATIONAL THINKING
10135,LEC/STUDIO,CS1,MON,1030-1130,CZ1003,  INTRODUCTION TO COMPUTATIONAL THINKING
10135,SEM,FS3,MON,1430-1530,CZ1003,  INTRODUCTION TO COMPUTATIONAL THINKING
10135,SEM,FS3,MON,1530-1630,CZ1003,  INTRODUCTION TO COMPUTATIONAL THINKING
10136,LEC/STUDIO,CS1,MON,1030-1130,CZ1003,  INTRODUCTION TO COMPUTATIONAL THINKING
10136,SEM,FS4,MON,1230-1330,CZ1003,  INTRODUCTION TO COMPUTATIONAL THINKING
10136,SEM,FS4,MON,1330-1430,CZ1003,  INTRODUCTION TO COMPUTATIONAL THINKING
10137,LEC/STUDIO,CS1,MON,1030-1130,CZ1003,  INTRODUCTION TO COMPUTATIONAL THINKING
10137,SEM,FS5,TUE,0830-0930,CZ1003,  INTRODUCTION TO COMPUTATIONAL THINKING
10137,SEM,FS5,TUE,0930-1030,CZ1003,  INTRODUCTION TO COMPUTATIONAL THINKING
10138,LEC/STUDIO,CS1,MON,1030-1130,CZ1003,  INTRODUCTION TO COMPUTATIONAL THINKING
10138,SEM,FS6,THU,1330-1430,CZ1003,  INTRODUCTION TO COMPUTATIONAL THINKING
10138,SEM,FS6,THU,1430-1530,CZ1003,  INTRODUCTION TO COMPUTATIONAL THINKING
10139,LEC/STUDIO,CS1,MON,1030-1130,CZ1003,  INTRODUCTION TO COMPUTATIONAL THINKING
10139,SEM,FS7,THU,1330-1430,CZ1003,  INTRODUCTION TO COMPUTATIONAL THINKING
10139,SEM,FS7,THU,1430-1530,CZ1003,  INTRODUCTION TO COMPUTATIONAL THINKING
10140,LEC/STUDIO,CS1,MON,1030-1130,CZ1003,  INTRODUCTION TO COMPUTATIONAL THINKING
10140,SEM,FS8,WED,1430-1530,CZ1003,  INTRODUCTION TO COMPUTATIONAL THINKING
10140,SEM,FS8,WED,1530-1630,CZ1003,  INTRODUCTION TO COMPUTATIONAL THINKING
10141,LEC/STUDIO,CS1,MON,1030-1130,CZ1003,  INTRODUCTION TO COMPUTATIONAL THINKING
10141,SEM,FS9,TUE,0830-0930,CZ1003,  INTRODUCTION TO COMPUTATIONAL THINKING
10141,SEM,FS9,TUE,0930-1030,CZ1003,  INTRODUCTION TO COMPUTATIONAL THINKING
10142,LEC/STUDIO,CS1,MON,1030-1130,CZ1003,  INTRODUCTION TO COMPUTATIONAL THINKING
10142,SEM,MACS,FRI,1430-1530,CZ1003,  INTRODUCTION TO COMPUTATIONAL THINKING
10142,SEM,MACS,FRI,1530-1630,CZ1003,  INTRODUCTION TO COMPUTATIONAL THINKING
10321,LEC/STUDIO,CS1,MON,1030-1130,CZ1003,  INTRODUCTION TO COMPUTATIONAL THINKING
10321,SEM,FS12,WED,1430-1530,CZ1003,  INTRODUCTION TO COMPUTATIONAL THINKING
10321,SEM,FS12,WED,1530-1630,CZ1003,  INTRODUCTION TO COMPUTATIONAL THINKING
10322,LEC/STUDIO,CS1,MON,1030-1130,CZ1003,  INTRODUCTION TO COMPUTATIONAL THINKING
10322,SEM,FS13,THU,1330-1430,CZ1003,  INTRODUCTION TO COMPUTATIONAL THINKING
10322,SEM,FS13,THU,1430-1530,CZ1003,  INTRODUCTION TO COMPUTATIONAL THINKING
13822,LEC/STUDIO,CS1,MON,1030-1130,CZ1003,  INTRODUCTION TO COMPUTATIONAL THINKING
13822,SEM,DD1,FRI,1230-1330,CZ1003,  INTRODUCTION TO COMPUTATIONAL THINKING
13822,SEM,DD1,FRI,1330-1430,CZ1003,  INTRODUCTION TO COMPUTATIONAL THINKING
13823,LEC/STUDIO,CS1,MON,1030-1130,CZ1003,  INTRODUCTION TO COMPUTATIONAL THINKING
13823,SEM,DD2,FRI,1430-1530,CZ1003,  INTRODUCTION TO COMPUTATIONAL THINKING
13823,SEM,DD2,FRI,1530-1630,CZ1003,  INTRODUCTION TO COMPUTATIONAL THINKING
13824,LEC/STUDIO,CS1,MON,1030-1130,CZ1003,  INTRODUCTION TO COMPUTATIONAL THINKING
13824,SEM,DD3,THU,0830-0930,CZ1003,  INTRODUCTION TO COMPUTATIONAL THINKING
13824,SEM,DD3,THU,0930-1030,CZ1003,  INTRODUCTION TO COMPUTATIONAL THINKING
13841,LEC/STUDIO,CS1,MON,1030-1130,CZ1003,  INTRODUCTION TO COMPUTATIONAL THINKING
13841,SEM,DD4,THU,0830-0930,CZ1003,  INTRODUCTION TO COMPUTATIONAL THINKING
13841,SEM,DD4,THU,0930-1030,CZ1003,  INTRODUCTION TO COMPUTATIONAL THINKING
10143,LEC/STUDIO,CS1,TUE,1330-1430,CZ1005,DIGITAL LOGIC
10143,LEC/STUDIO,CS1,THU,1530-1630,CZ1005,DIGITAL LOGIC
10143,TUT,FS1,THU,0930-1030,CZ1005,DIGITAL LOGIC
10143,LAB,FS1,WED,0830-0930,CZ1005,DIGITAL LOGIC
10143,LAB,FS1,WED,0930-1030,CZ1005,DIGITAL LOGIC
10144,LEC/STUDIO,CS1,TUE,1330-1430,CZ1005,DIGITAL LOGIC
10144,LEC/STUDIO,CS1,THU,1530-1630,CZ1005,DIGITAL LOGIC
10144,TUT,FS2,MON,1330-1430,CZ1005,DIGITAL LOGIC
10144,LAB,FS2,TUE,0830-0930,CZ1005,DIGITAL LOGIC
10144,LAB,FS2,TUE,0930-1030,CZ1005,DIGITAL LOGIC
10145,LEC/STUDIO,CS1,TUE,1330-1430,CZ1005,DIGITAL LOGIC
10145,LEC/STUDIO,CS1,THU,1530-1630,CZ1005,DIGITAL LOGIC
10145,TUT,FS3,WED,1130-1230,CZ1005,DIGITAL LOGIC
10145,LAB,FS3,TUE,1430-1530,CZ1005,DIGITAL LOGIC
10145,LAB,FS3,TUE,1530-1630,CZ1005,DIGITAL LOGIC
10146,LEC/STUDIO,CS1,TUE,1330-1430,CZ1005,DIGITAL LOGIC
10146,LEC/STUDIO,CS1,THU,1530-1630,CZ1005,DIGITAL LOGIC
10146,TUT,FS4,WED,1130-1230,CZ1005,DIGITAL LOGIC
10146,LAB,FS4,MON,1430-1530,CZ1005,DIGITAL LOGIC
10146,LAB,FS4,MON,1530-1630,CZ1005,DIGITAL LOGIC
10147,LEC/STUDIO,CS1,TUE,1330-1430,CZ1005,DIGITAL LOGIC
10147,LEC/STUDIO,CS1,THU,1530-1630,CZ1005,DIGITAL LOGIC
10147,TUT,FS5,MON,1230-1330,CZ1005,DIGITAL LOGIC
10147,LAB,FS5,TUE,1430-1530,CZ1005,DIGITAL LOGIC
10147,LAB,FS5,TUE,1530-1630,CZ1005,DIGITAL LOGIC
10148,LEC/STUDIO,CS1,TUE,1330-1430,CZ1005,DIGITAL LOGIC
10148,LEC/STUDIO,CS1,THU,1530-1630,CZ1005,DIGITAL LOGIC
10148,TUT,FS6,MON,0930-1030,CZ1005,DIGITAL LOGIC
10148,LAB,FS6,MON,1430-1530,CZ1005,DIGITAL LOGIC
10148,LAB,FS6,MON,1530-1630,CZ1005,DIGITAL LOGIC
10149,LEC/STUDIO,CS1,TUE,1330-1430,CZ1005,DIGITAL LOGIC
10149,LEC/STUDIO,CS1,THU,1530-1630,CZ1005,DIGITAL LOGIC
10149,TUT,FS7,FRI,0930-1030,CZ1005,DIGITAL LOGIC
10149,LAB,FS7,WED,1430-1530,CZ1005,DIGITAL LOGIC
10149,LAB,FS7,WED,1530-1630,CZ1005,DIGITAL LOGIC
10150,LEC/STUDIO,CS1,TUE,1330-1430,CZ1005,DIGITAL LOGIC
10150,LEC/STUDIO,CS1,THU,1530-1630,CZ1005,DIGITAL LOGIC
10150,TUT,FSP1,WED,0930-1030,CZ1005,DIGITAL LOGIC
10150,LAB,FSP1,THU,0830-0930,CZ1005,DIGITAL LOGIC
10150,LAB,FSP1,THU,0930-1030,CZ1005,DIGITAL LOGIC
10151,LEC/STUDIO,CS1,TUE,1330-1430,CZ1005,DIGITAL LOGIC
10151,LEC/STUDIO,CS1,THU,1530-1630,CZ1005,DIGITAL LOGIC
10151,TUT,FSP2,FRI,1430-1530,CZ1005,DIGITAL LOGIC
10151,LAB,FSP2,THU,0830-0930,CZ1005,DIGITAL LOGIC
10151,LAB,FSP2,THU,0930-1030,CZ1005,DIGITAL LOGIC
10152,LEC/STUDIO,CS1,TUE,1330-1430,CZ1005,DIGITAL LOGIC
10152,LEC/STUDIO,CS1,THU,1530-1630,CZ1005,DIGITAL LOGIC
10152,TUT,FSP3,WED,1030-1130,CZ1005,DIGITAL LOGIC
10152,LAB,FSP3,TUE,1030-1130,CZ1005,DIGITAL LOGIC
10152,LAB,FSP3,TUE,1130-1230,CZ1005,DIGITAL LOGIC
10153,LEC/STUDIO,CS1,TUE,1330-1430,CZ1005,DIGITAL LOGIC
10153,LEC/STUDIO,CS1,THU,1530-1630,CZ1005,DIGITAL LOGIC
10153,TUT,FSP4,FRI,0930-1030,CZ1005,DIGITAL LOGIC
10153,LAB,FSP4,TUE,1030-1130,CZ1005,DIGITAL LOGIC
10153,LAB,FSP4,TUE,1130-1230,CZ1005,DIGITAL LOGIC
10154,LEC/STUDIO,CS1,TUE,1330-1430,CZ1005,DIGITAL LOGIC
10154,LEC/STUDIO,CS1,THU,1530-1630,CZ1005,DIGITAL LOGIC
10154,TUT,FSP5,FRI,1030-1130,CZ1005,DIGITAL LOGIC
10154,LAB,FSP5,FRI,1430-1530,CZ1005,DIGITAL LOGIC
10154,LAB,FSP5,FRI,1530-1630,CZ1005,DIGITAL LOGIC
10155,LEC/STUDIO,CS1,TUE,1330-1430,CZ1005,DIGITAL LOGIC
10155,LEC/STUDIO,CS1,THU,1530-1630,CZ1005,DIGITAL LOGIC
10155,TUT,FSP6,THU,1230-1330,CZ1005,DIGITAL LOGIC
10155,LAB,FSP6,FRI,1430-1530,CZ1005,DIGITAL LOGIC
10155,LAB,FSP6,FRI,1530-1630,CZ1005,DIGITAL LOGIC
10158,LEC/STUDIO,CS1,TUE,1330-1430,CZ1005,DIGITAL LOGIC
10158,LEC/STUDIO,CS1,THU,1530-1630,CZ1005,DIGITAL LOGIC
10158,TUT,MACS,WED,1430-1530,CZ1005,DIGITAL LOGIC
10158,LAB,MACS,FRI,1230-1330,CZ1005,DIGITAL LOGIC
10158,LAB,MACS,FRI,1330-1430,CZ1005,DIGITAL LOGIC
10159,LEC/STUDIO,CS1,FRI,1230-1330,CZ1006,COMPUTER ORGANISATION & ARCHITECTURE
10159,LEC/STUDIO,CS1,MON,1530-1630,CZ1006,COMPUTER ORGANISATION & ARCHITECTURE
10159,TUT,FSP1,FRI,1530-1630,CZ1006,COMPUTER ORGANISATION & ARCHITECTURE
10159,LAB,FSP1,THU,0830-0930,CZ1006,COMPUTER ORGANISATION & ARCHITECTURE
10159,LAB,FSP1,THU,0930-1030,CZ1006,COMPUTER ORGANISATION & ARCHITECTURE
10160,LEC/STUDIO,CS1,FRI,1230-1330,CZ1006,COMPUTER ORGANISATION & ARCHITECTURE
10160,LEC/STUDIO,CS1,MON,1530-1630,CZ1006,COMPUTER ORGANISATION & ARCHITECTURE
10160,TUT,FSP2,TUE,1030-1130,CZ1006,COMPUTER ORGANISATION & ARCHITECTURE
10160,LAB,FSP2,THU,0830-0930,CZ1006,COMPUTER ORGANISATION & ARCHITECTURE
10160,LAB,FSP2,THU,0930-1030,CZ1006,COMPUTER ORGANISATION & ARCHITECTURE
10161,LEC/STUDIO,CS1,FRI,1230-1330,CZ1006,COMPUTER ORGANISATION & ARCHITECTURE
10161,LEC/STUDIO,CS1,MON,1530-1630,CZ1006,COMPUTER ORGANISATION & ARCHITECTURE
10161,TUT,FSP3,FRI,1030-1130,CZ1006,COMPUTER ORGANISATION & ARCHITECTURE
10161,LAB,FSP3,TUE,1030-1130,CZ1006,COMPUTER ORGANISATION & ARCHITECTURE
10161,LAB,FSP3,TUE,1130-1230,CZ1006,COMPUTER ORGANISATION & ARCHITECTURE
10162,LEC/STUDIO,CS1,FRI,1230-1330,CZ1006,COMPUTER ORGANISATION & ARCHITECTURE
10162,LEC/STUDIO,CS1,MON,1530-1630,CZ1006,COMPUTER ORGANISATION & ARCHITECTURE
10162,TUT,FSP4,THU,1330-1430,CZ1006,COMPUTER ORGANISATION & ARCHITECTURE
10162,LAB,FSP4,TUE,1030-1130,CZ1006,COMPUTER ORGANISATION & ARCHITECTURE
10162,LAB,FSP4,TUE,1130-1230,CZ1006,COMPUTER ORGANISATION & ARCHITECTURE
10163,LEC/STUDIO,CS1,FRI,1230-1330,CZ1006,COMPUTER ORGANISATION & ARCHITECTURE
10163,LEC/STUDIO,CS1,MON,1530-1630,CZ1006,COMPUTER ORGANISATION & ARCHITECTURE
10163,TUT,FSP5,FRI,0930-1030,CZ1006,COMPUTER ORGANISATION & ARCHITECTURE
10163,LAB,FSP5,TUE,1430-1530,CZ1006,COMPUTER ORGANISATION & ARCHITECTURE
10163,LAB,FSP5,TUE,1530-1630,CZ1006,COMPUTER ORGANISATION & ARCHITECTURE
10164,LEC/STUDIO,CS1,FRI,1230-1330,CZ1006,COMPUTER ORGANISATION & ARCHITECTURE
10164,LEC/STUDIO,CS1,MON,1530-1630,CZ1006,COMPUTER ORGANISATION & ARCHITECTURE
10164,TUT,FSP6,WED,1130-1230,CZ1006,COMPUTER ORGANISATION & ARCHITECTURE
10164,LAB,FSP6,TUE,0830-0930,CZ1006,COMPUTER ORGANISATION & ARCHITECTURE
10164,LAB,FSP6,TUE,0930-1030,CZ1006,COMPUTER ORGANISATION & ARCHITECTURE
10165,LEC/STUDIO,CS1,FRI,1230-1330,CZ1006,COMPUTER ORGANISATION & ARCHITECTURE
10165,LEC/STUDIO,CS1,MON,1530-1630,CZ1006,COMPUTER ORGANISATION & ARCHITECTURE
10165,TUT,FSP8,TUE,1630-1730,CZ1006,COMPUTER ORGANISATION & ARCHITECTURE
10165,LAB,FSP8,MON,0830-0930,CZ1006,COMPUTER ORGANISATION & ARCHITECTURE
10165,LAB,FSP8,MON,0930-1030,CZ1006,COMPUTER ORGANISATION & ARCHITECTURE
10166,LEC/STUDIO,CS1,FRI,1230-1330,CZ1006,COMPUTER ORGANISATION & ARCHITECTURE
10166,LEC/STUDIO,CS1,MON,1530-1630,CZ1006,COMPUTER ORGANISATION & ARCHITECTURE
10166,TUT,FSP9,WED,1130-1230,CZ1006,COMPUTER ORGANISATION & ARCHITECTURE
10166,LAB,FSP9,MON,0830-0930,CZ1006,COMPUTER ORGANISATION & ARCHITECTURE
10166,LAB,FSP9,MON,0930-1030,CZ1006,COMPUTER ORGANISATION & ARCHITECTURE
10167,LEC/STUDIO,CS1,WED,1330-1430,CZ1007,DATA STRUCTURES
10167,TUT,FSP1,WED,1530-1630,CZ1007,DATA STRUCTURES
10167,LAB,FSP1,WED,1430-1530,CZ1007,DATA STRUCTURES
10168,LEC/STUDIO,CS1,WED,1330-1430,CZ1007,DATA STRUCTURES
10168,TUT,FSP2,THU,1330-1430,CZ1007,DATA STRUCTURES
10168,LAB,FSP2,THU,1230-1330,CZ1007,DATA STRUCTURES
10320,LEC/STUDIO,CS1,WED,1330-1430,CZ1007,DATA STRUCTURES
10320,TUT,FSP3,TUE,1130-1230,CZ1007,DATA STRUCTURES
10320,LAB,FSP3,TUE,1030-1130,CZ1007,DATA STRUCTURES
10171,LEC/STUDIO,CS1,FRI,0930-1030,CZ1011,ENGINEERING MATHEMATICS I
10171,LEC/STUDIO,CS1,MON,1130-1230,CZ1011,ENGINEERING MATHEMATICS I
10171,TUT,FEP3,MON,1330-1430,CZ1011,ENGINEERING MATHEMATICS I
10171,LAB,FEP3,THU,1030-1130,CZ1011,ENGINEERING MATHEMATICS I
10171,LAB,FEP3,THU,1130-1230,CZ1011,ENGINEERING MATHEMATICS I
10172,LEC/STUDIO,CS1,FRI,0930-1030,CZ1011,ENGINEERING MATHEMATICS I
10172,LEC/STUDIO,CS1,MON,1130-1230,CZ1011,ENGINEERING MATHEMATICS I
10172,TUT,FEP4,MON,1430-1530,CZ1011,ENGINEERING MATHEMATICS I
10172,LAB,FEP4,THU,1030-1130,CZ1011,ENGINEERING MATHEMATICS I
10172,LAB,FEP4,THU,1130-1230,CZ1011,ENGINEERING MATHEMATICS I
10356,LEC/STUDIO,CS1,FRI,0930-1030,CZ1011,ENGINEERING MATHEMATICS I
10356,LEC/STUDIO,CS1,MON,1130-1230,CZ1011,ENGINEERING MATHEMATICS I
10356,TUT,FEP3,MON,1330-1430,CZ1011,ENGINEERING MATHEMATICS I
10356,LAB,DD3,TUE,1030-1130,CZ1011,ENGINEERING MATHEMATICS I
10356,LAB,DD3,TUE,1130-1230,CZ1011,ENGINEERING MATHEMATICS I
13825,LEC/STUDIO,CS1,FRI,0930-1030,CZ1011,ENGINEERING MATHEMATICS I
13825,LEC/STUDIO,CS1,MON,1130-1230,CZ1011,ENGINEERING MATHEMATICS I
13825,TUT,DD1,TUE,1030-1130,CZ1011,ENGINEERING MATHEMATICS I
13825,LAB,DD1,TUE,0830-0930,CZ1011,ENGINEERING MATHEMATICS I
13825,LAB,DD1,TUE,0930-1030,CZ1011,ENGINEERING MATHEMATICS I
13826,LEC/STUDIO,CS1,FRI,0930-1030,CZ1011,ENGINEERING MATHEMATICS I
13826,LEC/STUDIO,CS1,MON,1130-1230,CZ1011,ENGINEERING MATHEMATICS I
13826,TUT,DD2,WED,1430-1530,CZ1011,ENGINEERING MATHEMATICS I
13826,LAB,DD2,MON,0830-0930,CZ1011,ENGINEERING MATHEMATICS I
13826,LAB,DD2,MON,0930-1030,CZ1011,ENGINEERING MATHEMATICS I
13827,LEC/STUDIO,CS1,FRI,0930-1030,CZ1011,ENGINEERING MATHEMATICS I
13827,LEC/STUDIO,CS1,MON,1130-1230,CZ1011,ENGINEERING MATHEMATICS I
13827,TUT,DD3,THU,1330-1430,CZ1011,ENGINEERING MATHEMATICS I
13827,LAB,DD3,TUE,1030-1130,CZ1011,ENGINEERING MATHEMATICS I
13827,LAB,DD3,TUE,1130-1230,CZ1011,ENGINEERING MATHEMATICS I
10173,LEC/STUDIO,CS1,TUE,1430-1530,CZ1012,ENGINEERING MATHEMATICS II
10173,LEC/STUDIO,CS1,THU,1430-1530,CZ1012,ENGINEERING MATHEMATICS II
10173,TUT,FEP4,TUE,0830-0930,CZ1012,ENGINEERING MATHEMATICS II
10173,LAB,FEP4,WED,0830-0930,CZ1012,ENGINEERING MATHEMATICS II
10173,LAB,FEP4,WED,0930-1030,CZ1012,ENGINEERING MATHEMATICS II
10174,LEC/STUDIO,CS1,TUE,1430-1530,CZ1012,ENGINEERING MATHEMATICS II
10174,LEC/STUDIO,CS1,THU,1430-1530,CZ1012,ENGINEERING MATHEMATICS II
10174,TUT,FEP5,MON,0830-0930,CZ1012,ENGINEERING MATHEMATICS II
10174,LAB,FEP5,WED,1030-1130,CZ1012,ENGINEERING MATHEMATICS II
10174,LAB,FEP5,WED,1130-1230,CZ1012,ENGINEERING MATHEMATICS II
10333,LEC/STUDIO,CS1,TUE,1430-1530,CZ1012,ENGINEERING MATHEMATICS II
10333,LEC/STUDIO,CS1,THU,1430-1530,CZ1012,ENGINEERING MATHEMATICS II
10333,TUT,FEP4,TUE,0830-0930,CZ1012,ENGINEERING MATHEMATICS II
10333,LAB,DD4,FRI,1030-1130,CZ1012,ENGINEERING MATHEMATICS II
10333,LAB,DD4,FRI,1130-1230,CZ1012,ENGINEERING MATHEMATICS II
13828,LEC/STUDIO,CS1,TUE,1430-1530,CZ1012,ENGINEERING MATHEMATICS II
13828,LEC/STUDIO,CS1,THU,1430-1530,CZ1012,ENGINEERING MATHEMATICS II
13828,TUT,DD1,THU,0930-1030,CZ1012,ENGINEERING MATHEMATICS II
13828,LAB,DD1,THU,1230-1330,CZ1012,ENGINEERING MATHEMATICS II
13828,LAB,DD1,THU,1330-1430,CZ1012,ENGINEERING MATHEMATICS II
13829,LEC/STUDIO,CS1,TUE,1430-1530,CZ1012,ENGINEERING MATHEMATICS II
13829,LEC/STUDIO,CS1,THU,1430-1530,CZ1012,ENGINEERING MATHEMATICS II
13829,TUT,DD2,MON,1330-1430,CZ1012,ENGINEERING MATHEMATICS II
13829,LAB,DD2,MON,0830-0930,CZ1012,ENGINEERING MATHEMATICS II
13829,LAB,DD2,MON,0930-1030,CZ1012,ENGINEERING MATHEMATICS II
13830,LEC/STUDIO,CS1,TUE,1430-1530,CZ1012,ENGINEERING MATHEMATICS II
13830,LEC/STUDIO,CS1,THU,1430-1530,CZ1012,ENGINEERING MATHEMATICS II
13830,TUT,DD3,WED,1630-1730,CZ1012,ENGINEERING MATHEMATICS II
13830,LAB,DD3,MON,0830-0930,CZ1012,ENGINEERING MATHEMATICS II
13830,LAB,DD3,MON,0930-1030,CZ1012,ENGINEERING MATHEMATICS II
13847,LEC/STUDIO,CS1,TUE,1430-1530,CZ1012,ENGINEERING MATHEMATICS II
13847,LEC/STUDIO,CS1,THU,1430-1530,CZ1012,ENGINEERING MATHEMATICS II
13847,TUT,DD4,MON,1330-1430,CZ1012,ENGINEERING MATHEMATICS II
13847,LAB,DD4,FRI,1030-1130,CZ1012,ENGINEERING MATHEMATICS II
13847,LAB,DD4,FRI,1130-1230,CZ1012,ENGINEERING MATHEMATICS II
10175,LEC/STUDIO,CS1,TUE,1230-1330,CZ1013,PHYSICS FOR COMPUTING
10175,LEC/STUDIO,CS1,FRI,1630-1730,CZ1013,PHYSICS FOR COMPUTING
10175,LAB,FS1,TUE,1030-1130,CZ1013,PHYSICS FOR COMPUTING
10175,LAB,FS1,TUE,1130-1230,CZ1013,PHYSICS FOR COMPUTING
10176,LEC/STUDIO,CS1,TUE,1230-1330,CZ1013,PHYSICS FOR COMPUTING
10176,LEC/STUDIO,CS1,FRI,1630-1730,CZ1013,PHYSICS FOR COMPUTING
10176,LAB,FS2,THU,1330-1430,CZ1013,PHYSICS FOR COMPUTING
10176,LAB,FS2,THU,1430-1530,CZ1013,PHYSICS FOR COMPUTING
10177,LEC/STUDIO,CS1,TUE,1230-1330,CZ1013,PHYSICS FOR COMPUTING
10177,LEC/STUDIO,CS1,FRI,1630-1730,CZ1013,PHYSICS FOR COMPUTING
10177,LAB,FS3,FRI,1230-1330,CZ1013,PHYSICS FOR COMPUTING
10177,LAB,FS3,FRI,1330-1430,CZ1013,PHYSICS FOR COMPUTING
10178,LEC/STUDIO,CS1,TUE,1230-1330,CZ1013,PHYSICS FOR COMPUTING
10178,LEC/STUDIO,CS1,FRI,1630-1730,CZ1013,PHYSICS FOR COMPUTING
10178,LAB,FS4,THU,0830-0930,CZ1013,PHYSICS FOR COMPUTING
10178,LAB,FS4,THU,0930-1030,CZ1013,PHYSICS FOR COMPUTING
10179,LEC/STUDIO,CS1,TUE,1230-1330,CZ1013,PHYSICS FOR COMPUTING
10179,LEC/STUDIO,CS1,FRI,1630-1730,CZ1013,PHYSICS FOR COMPUTING
10179,LAB,FS5,FRI,1030-1130,CZ1013,PHYSICS FOR COMPUTING
10179,LAB,FS5,FRI,1130-1230,CZ1013,PHYSICS FOR COMPUTING
10180,LEC/STUDIO,CS1,TUE,1230-1330,CZ1013,PHYSICS FOR COMPUTING
10180,LEC/STUDIO,CS1,FRI,1630-1730,CZ1013,PHYSICS FOR COMPUTING
10180,LAB,FS6,WED,1130-1230,CZ1013,PHYSICS FOR COMPUTING
10180,LAB,FS6,WED,1230-1330,CZ1013,PHYSICS FOR COMPUTING
10181,LEC/STUDIO,CS1,TUE,1230-1330,CZ1013,PHYSICS FOR COMPUTING
10181,LEC/STUDIO,CS1,FRI,1630-1730,CZ1013,PHYSICS FOR COMPUTING
10181,LAB,FS7,MON,1330-1430,CZ1013,PHYSICS FOR COMPUTING
10181,LAB,FS7,MON,1430-1530,CZ1013,PHYSICS FOR COMPUTING
10182,LEC/STUDIO,CS1,TUE,1230-1330,CZ1013,PHYSICS FOR COMPUTING
10182,LEC/STUDIO,CS1,FRI,1630-1730,CZ1013,PHYSICS FOR COMPUTING
10182,LAB,FSP1,TUE,1030-1130,CZ1013,PHYSICS FOR COMPUTING
10182,LAB,FSP1,TUE,1130-1230,CZ1013,PHYSICS FOR COMPUTING
10183,LEC/STUDIO,CS1,TUE,1230-1330,CZ1013,PHYSICS FOR COMPUTING
10183,LEC/STUDIO,CS1,FRI,1630-1730,CZ1013,PHYSICS FOR COMPUTING
10183,LAB,FSP2,MON,1330-1430,CZ1013,PHYSICS FOR COMPUTING
10183,LAB,FSP2,MON,1430-1530,CZ1013,PHYSICS FOR COMPUTING
10184,LEC/STUDIO,CS1,TUE,1230-1330,CZ1013,PHYSICS FOR COMPUTING
10184,LEC/STUDIO,CS1,FRI,1630-1730,CZ1013,PHYSICS FOR COMPUTING
10184,LAB,FSP4,MON,0830-0930,CZ1013,PHYSICS FOR COMPUTING
10184,LAB,FSP4,MON,0930-1030,CZ1013,PHYSICS FOR COMPUTING
10185,LEC/STUDIO,CS1,TUE,1230-1330,CZ1013,PHYSICS FOR COMPUTING
10185,LEC/STUDIO,CS1,FRI,1630-1730,CZ1013,PHYSICS FOR COMPUTING
10185,LAB,FSP5,MON,0830-0930,CZ1013,PHYSICS FOR COMPUTING
10185,LAB,FSP5,MON,0930-1030,CZ1013,PHYSICS FOR COMPUTING
10186,LEC/STUDIO,CS1,TUE,1230-1330,CZ1013,PHYSICS FOR COMPUTING
10186,LEC/STUDIO,CS1,FRI,1630-1730,CZ1013,PHYSICS FOR COMPUTING
10186,LAB,FSP6,THU,1330-1430,CZ1013,PHYSICS FOR COMPUTING
10186,LAB,FSP6,THU,1430-1530,CZ1013,PHYSICS FOR COMPUTING
10187,LEC/STUDIO,CS1,TUE,1230-1330,CZ1013,PHYSICS FOR COMPUTING
10187,LEC/STUDIO,CS1,FRI,1630-1730,CZ1013,PHYSICS FOR COMPUTING
10187,LAB,FSP7,FRI,0830-0930,CZ1013,PHYSICS FOR COMPUTING
10187,LAB,FSP7,FRI,0930-1030,CZ1013,PHYSICS FOR COMPUTING
10188,LEC/STUDIO,CS1,TUE,1230-1330,CZ1013,PHYSICS FOR COMPUTING
10188,LEC/STUDIO,CS1,FRI,1630-1730,CZ1013,PHYSICS FOR COMPUTING
10188,LAB,FSP8,FRI,0830-0930,CZ1013,PHYSICS FOR COMPUTING
10188,LAB,FSP8,FRI,0930-1030,CZ1013,PHYSICS FOR COMPUTING
13831,LEC/STUDIO,CS1,TUE,1230-1330,CZ1013,PHYSICS FOR COMPUTING
13831,LEC/STUDIO,CS1,FRI,1630-1730,CZ1013,PHYSICS FOR COMPUTING
13831,LAB,DD1,FRI,1430-1530,CZ1013,PHYSICS FOR COMPUTING
13831,LAB,DD1,FRI,1530-1630,CZ1013,PHYSICS FOR COMPUTING
13832,LEC/STUDIO,CS1,TUE,1230-1330,CZ1013,PHYSICS FOR COMPUTING
13832,LEC/STUDIO,CS1,FRI,1630-1730,CZ1013,PHYSICS FOR COMPUTING
13832,LAB,DD2,FRI,1230-1330,CZ1013,PHYSICS FOR COMPUTING
13832,LAB,DD2,FRI,1330-1430,CZ1013,PHYSICS FOR COMPUTING
13833,LEC/STUDIO,CS1,TUE,1230-1330,CZ1013,PHYSICS FOR COMPUTING
13833,LEC/STUDIO,CS1,FRI,1630-1730,CZ1013,PHYSICS FOR COMPUTING
13833,LAB,DD3,WED,1430-1530,CZ1013,PHYSICS FOR COMPUTING
13833,LAB,DD3,WED,1530-1630,CZ1013,PHYSICS FOR COMPUTING
13843,LEC/STUDIO,CS1,TUE,1230-1330,CZ1013,PHYSICS FOR COMPUTING
13843,LEC/STUDIO,CS1,FRI,1630-1730,CZ1013,PHYSICS FOR COMPUTING
13843,LAB,DD4,FRI,1430-1530,CZ1013,PHYSICS FOR COMPUTING
13843,LAB,DD4,FRI,1530-1630,CZ1013,PHYSICS FOR COMPUTING
10259,LEC/STUDIO,CS3,MON,0930-1030,CZ3001,ADVANCED COMPUTER ARCHITECTURE
10259,LEC/STUDIO,CS3,MON,0930-1030,CZ3001,ADVANCED COMPUTER ARCHITECTURE
10259,LEC/STUDIO,CS3,FRI,1430-1530,CZ3001,ADVANCED COMPUTER ARCHITECTURE
10259,LEC/STUDIO,CS3,FRI,1430-1530,CZ3001,ADVANCED COMPUTER ARCHITECTURE
10259,TUT,SSA1,FRI,1530-1630,CZ3001,ADVANCED COMPUTER ARCHITECTURE
10259,LAB,SSA1,WED,1430-1530,CZ3001,ADVANCED COMPUTER ARCHITECTURE
10259,LAB,SSA1,WED,1530-1630,CZ3001,ADVANCED COMPUTER ARCHITECTURE
10260,LEC/STUDIO,CS3,MON,0930-1030,CZ3001,ADVANCED COMPUTER ARCHITECTURE
10260,LEC/STUDIO,CS3,MON,0930-1030,CZ3001,ADVANCED COMPUTER ARCHITECTURE
10260,LEC/STUDIO,CS3,FRI,1430-1530,CZ3001,ADVANCED COMPUTER ARCHITECTURE
10260,LEC/STUDIO,CS3,FRI,1430-1530,CZ3001,ADVANCED COMPUTER ARCHITECTURE
10260,TUT,SSR1,TUE,1330-1430,CZ3001,ADVANCED COMPUTER ARCHITECTURE
10260,LAB,SSR1,THU,1430-1530,CZ3001,ADVANCED COMPUTER ARCHITECTURE
10260,LAB,SSR1,THU,1530-1630,CZ3001,ADVANCED COMPUTER ARCHITECTURE
10261,LEC/STUDIO,CS3,MON,0930-1030,CZ3001,ADVANCED COMPUTER ARCHITECTURE
10261,LEC/STUDIO,CS3,MON,0930-1030,CZ3001,ADVANCED COMPUTER ARCHITECTURE
10261,LEC/STUDIO,CS3,FRI,1430-1530,CZ3001,ADVANCED COMPUTER ARCHITECTURE
10261,LEC/STUDIO,CS3,FRI,1430-1530,CZ3001,ADVANCED COMPUTER ARCHITECTURE
10261,TUT,SSR2,FRI,1630-1730,CZ3001,ADVANCED COMPUTER ARCHITECTURE
10261,LAB,SSR2,THU,1430-1530,CZ3001,ADVANCED COMPUTER ARCHITECTURE
10261,LAB,SSR2,THU,1530-1630,CZ3001,ADVANCED COMPUTER ARCHITECTURE
10261,LEC/STUDIO,CS3,MON,0930-1030,CZ3001,ADVANCED COMPUTER ARCHITECTURE
10262,LEC/STUDIO,CS3,MON,0930-1030,CZ3001,ADVANCED COMPUTER ARCHITECTURE
10262,LEC/STUDIO,CS3,FRI,1430-1530,CZ3001,ADVANCED COMPUTER ARCHITECTURE
10262,LEC/STUDIO,CS3,FRI,1430-1530,CZ3001,ADVANCED COMPUTER ARCHITECTURE
10262,TUT,BCG3,TUE,0930-1030,CZ3001,ADVANCED COMPUTER ARCHITECTURE
10262,LAB,BCG3,FRI,1030-1130,CZ3001,ADVANCED COMPUTER ARCHITECTURE
10262,LAB,BCG3,FRI,1130-1230,CZ3001,ADVANCED COMPUTER ARCHITECTURE
